{"type":"Python","content":[{"toolkit_name":"email_fetcher_my_local_aiarb_sep_shinkai","name":"Email Fetcher","author":"@@my_local_ai.arb-sep-shinkai","py_code":"from typing import Any, Optional, List, Dict\nimport imaplib\nimport email\nfrom datetime import datetime\n\nclass CONFIG:\n    imap_server: str\n    username: str\n    password: str\n    port: int = 143  # Default port for IMAPS\n\nclass INPUTS:\n    pass\n\nclass OUTPUT:\n    emails: List[Dict[str, Any]]\n    login_status: str\n\nclass Email:\n    subject: str\n    date: datetime\n    sender: str\n    text: str\n\nasync def run(config: CONFIG, inputs: INPUTS) -> OUTPUT:\n    output = OUTPUT()\n    output.emails = []\n    try:\n      imap = imaplib.IMAP4(config.imap_server, config.port)  # Use config port\n    except Exception as ee:\n      output.login_status = 'IMAP4 INIT FAILED - '+str(ee)\n      return output\n    try:\n        try:\n            login_status, login_response = imap.login(config.username, config.password)\n            if login_status == \"OK\":\n                print(\"Login successful\")\n            else:\n                raise Exception(\"Login failed\")\n        except imaplib.IMAP4.error as e:\n            print(f\"Login failed: {e}\")\n            raise Exception(f\"Login failed: {e}\")\n\n        imap.select(\"INBOX\")\n\n        _, data = imap.search(None, 'ALL')\n        mail_ids = data[0].split()\n\n        for mail_id in mail_ids:\n            _, data = imap.fetch(mail_id, '(RFC822)')\n            raw_email = data[0][1]\n            email_message = email.message_from_bytes(raw_email)\n\n            email_obj = Email()\n            email_obj.subject = email_message.get('Subject', '')\n            email_obj.sender = email_message.get('From', '')\n            try:\n                email_obj.date = datetime.strptime(email_message['Date'], '%a, %d %b %Y %H:%M:%S %z')  # Example format, adjust as needed\n            except ValueError:\n                email_obj.date = None  # Handle parsing error\n\n            email_obj.text = \"\"\n            if email_message.is_multipart():\n                for part in email_message.walk():\n                    content_type = part.get_content_type()\n                    content_disposition = str(part.get(\"Content-Disposition\"))\n                    try:\n                        body = part.get_payload(decode=True).decode()\n                        if content_type == \"text/plain\" and \"attachment\" not in content_disposition:\n                            email_obj.text += body\n                    except Exception as e:\n                        print(f\"Error decoding email part: {e}\")\n            else:\n                try:\n                    email_obj.text = email_message.get_payload(decode=True).decode()\n                except Exception as e:\n                    print(f\"Error decoding email payload: {e}\")\n\n            output.emails.append(email_obj.__dict__)  # Append as dictionary to match OUTPUT type\n\n        imap.close()\n        imap.logout()\n\n    except Exception as e:\n        output.login_status = str(e)\n        print(f\"An error occurred: {e}\")\n\n    return output","tools":[],"config":[{"BasicConfig":{"key_name":"imap_server","description":"string","required":true,"key_value":null}},{"BasicConfig":{"key_name":"password","description":"string","required":true,"key_value":null}},{"BasicConfig":{"key_name":"port","description":"integer","required":false,"key_value":null}},{"BasicConfig":{"key_name":"username","description":"string","required":true,"key_value":null}}],"description":"Fetches emails from an IMAP server and returns their subject, date, sender, and text content.","keywords":["email","imap","fetch","parser"],"input_args":{"type":"object","properties":{},"required":[]},"output_arg":{"json":""},"activated":false,"embedding":null,"result":{"type":"object","properties":{"emails":{"description":"A list of email objects","items":{"properties":{"date":{"description":"The date and time the email was sent","format":"date-time","type":"string"},"sender":{"description":"The sender of the email","type":"string"},"subject":{"description":"The subject of the email","type":"string"},"text":{"description":"The text content of the email","type":"string"}},"required":["subject","date","sender","text"],"type":"object"},"type":"array"},"login_status":{"description":"Indicates if login was successful or not","type":"string"}},"required":["emails","login_status"]},"sql_tables":[],"sql_queries":[],"file_inbox":null,"oauth":null,"assets":null},false]}