{"type":"Deno","content":[{"toolkit_name":"smart_search_engine_shinkai","name":"Smart Search Engine","author":"Shinkai","js_code":"import { googleSearch, shinkaiLlmPromptProcessor, shinkaiDownloadPages } from './shinkai-local-tools.ts';\n\ntype CONFIG = {\n  searchEngineApiKey?: string;\n  searchEngine?: SearchEngine;\n  maxSources?: number;\n}\ntype INPUTS = {\n  question: string;\n};\ntype OUTPUT =  {\n  response: string;\n  sources: SmartSearchSourcePage[];\n  statements: SmartSearchStatement[];\n}\ntype PREFFERED_SOURCES = 'WIKIPEDIA'|'WOLFRAMALPHA'|'OTHER';\n\ntype SearchQueryConversion = {\n  \"origin_question\": string;\n  \"preferred_sources\": PREFFERED_SOURCES[];\n  \"search_query\": string\n}\n\ntype SearchResult = {\n  title: string;\n  description: string;\n  url: string;\n}\n\ntype SmartSearchSource = SearchResult | string;\ntype SearchEngine = 'DUCKDUCKGO' | 'GOOGLE' | 'BRAVE';\n\nexport interface SmartSearchSourcePage {\n  id: number;\n  url: string;\n  markdown?: string;\n  title: string;\n}\n\nexport interface SmartSearchStatement {\n  sourceId: number;\n  sourceTitle: string;\n  extractedFacts: {\n    statement: string;\n    relevance: 'DIRECT_ANSWER' | 'HIGHLY_RELEVANT' | 'SOMEWHAT_RELEVANT' | 'TANGENTIAL' | 'NOT_RELEVANT';\n  }[];\n}\nexport interface SmartSearchGenerationContext {\n  originalQuestion: string;\n  statements: SmartSearchStatement[];\n  sources: SmartSearchSourcePage[];\n}\n\nconst answerGenerator = (context: SmartSearchGenerationContext): string => `\n# Smart Search Answer Generation Instructions\nYou are a sophisticated scientific communication assistant specialized in transforming extracted research statements into comprehensive, accessible, and precisely cited explanations.Your primary objective is to synthesize complex information from multiple sources into a clear, authoritative answer that maintains absolute fidelity to the source material. Think of yourself as an academic translator - your role is to take fragmented scientific statements and weave them into a coherent narrative that is both intellectually rigorous and engaging, ensuring that every substantive claim is meticulously attributed to its original source. Approach each question as an opportunity to provide a deep, nuanced understanding that goes beyond surface-level explanation, while maintaining strict scholarly integrity.\n## Input JSON Interfaces and Definitions\n\n\\`\\`\\`typescript\n// Source Page Interface\nexport interface SmartSearchSourcePage {\n  id: number;           // Unique identifier for the source\n  url: string;          // Full URL of the source\n  markdown: string;     // Full text content of the source page\n  title: string;        // Title of the source page\n}\n\n// Statement Interface with Detailed Relevance Levels\nexport interface SmartSearchStatement {\n  sourceId: number;     // ID of the source this statement comes from\n  sourceTitle: string;  // Title of the source\n  extractedFacts: {\n    statement: string;  // Exact verbatim text from the source\n    relevance: 'DIRECT_ANSWER' \n             | 'HIGHLY_RELEVANT' \n             | 'SOMEWHAT_RELEVANT' \n             | 'TANGENTIAL' \n             | 'NOT_RELEVANT';  // Relevance classification\n  }[];\n}\n\n// Complete Input JSON Structure\ninterface AnswerGenerationContext {\n  originalQuestion: string;\n  statements: SmartSearchStatement[];\n  sources: SmartSearchSourcePage[];\n}\n\\`\\`\\`\n\n## Relevance Level Interpretation\n- \\`DIRECT_ANSWER\\`: Prioritize these statements first\n- \\`HIGHLY_RELEVANT\\`: Strong secondary focus\n- \\`SOMEWHAT_RELEVANT\\`: Use for additional context\n- \\`TANGENTIAL\\`: Optional supplementary information\n- \\`NOT_RELEVANT\\`: Ignore completely\n\n## Answer Generation Guidelines\n\n### Content Construction Rules:\n1. Use ONLY information from the provided statements\n2. Prioritize statements with 'DIRECT_ANSWER' and 'HIGHLY_RELEVANT' relevance\n3. Create a comprehensive, informative answer\n4. Maintain scientific accuracy and depth\n\n### Citation Methodology:\n- Place citations IMMEDIATELY after relevant statements\n- Use SQUARE BRACKETS with NUMERIC source IDs\n- Format: \\`Statement of fact.[1][2]\\`\n- Cite EVERY substantive statement\n- Match citations exactly to source IDs\n\n### Structural Requirements:\n1. Detailed Main Answer\n   - Comprehensive explanation\n   - Technical depth\n   - Precise scientific language\n   - Full source citations\n\n2. Follow-Up Questions Section\n   - Generate 3-4 thought-provoking questions\n   - Encourage deeper exploration\n   - Based on answer content\n   - Formatted as a bulleted list\n\n3. Sources Section\n   - List all cited sources\n   - Include source titles and URLs\n   - Order based on first citation appearance\n\n## Output Example Structure:\n\\`\\`\\`\n[Comprehensive, cited answer with source IDs in brackets]\n\nFollow-up Questions:\n- Question about deeper aspect of the topic\n- Question exploring related concepts\n- Question encouraging further research\n\nSources:\n[1] Source Title (URL)\n[2] Another Source Title (URL)\n...\n\\`\\`\\`\n\n## Critical Constraints:\n- NEVER introduce information not in the statements\n- Preserve exact factual content\n- Ensure grammatical and logical coherence\n- Provide a complete, informative answer\n- Maintain academic rigor\n\n## Processing Instructions:\n- Analyze statements systematically\n- Synthesize information coherently\n- Break down complex concepts\n- Provide scientific context\n- Explain underlying mechanisms\n\n\nThis is the input context:\n${JSON.stringify(context)}\n\n`;\n\nconst searchEngineQueryGenerator = (query: string) => {\n  return `\n# Search Query and Source Selection Prompt\n\nYou are an expert at transforming natural language questions into precise search queries and selecting the most appropriate information source.\n\n## Source Selection Guidelines:\n- WIKIPEDIA: Best for general knowledge, scientific explanations, historical information\n- WOLFRAMALPHA: Ideal for mathematical, statistical, computational queries, scientific calculations\n- OTHER: General web search for current events, recent developments, practical information\n\n## Output Requirements:\n- Provide a JSON response with three key fields\n- Do NOT use code block backticks\n- Ensure \"preferred_sources\" is an array\n- Make search query concise and targeted\n\n## Examples:\n\n### Example 1\n- User Query: \"What is the speed of light?\"\n- Output:\n{\n\"origin_question\": \"What is the speed of light?\",\n\"preferred_sources\": [\"WOLFRAMALPHA\"],\n\"search_query\": \"speed of light exact value meters per second\"\n}\n\n### Example 2\n- User Query: \"Who was Marie Curie?\"\n- Output:\n{\n\"origin_question\": \"Who was Marie Curie?\",\n\"preferred_sources\": [\"WIKIPEDIA\"],\n\"search_query\": \"Marie Curie biography scientific achievements\"\n}\n\n### Example 3\n- User Query: \"Best restaurants in New York City\"\n- Output:\n{\n\"origin_question\": \"Best restaurants in New York City\",\n\"preferred_sources\": [\"OTHER\"],\n\"search_query\": \"top rated restaurants NYC 2024 dining\"\n}\n\n### Example 4\n- User Query: \"How do solar panels work?\"\n- Output:\n{\n\"origin_question\": \"How do solar panels work?\",\n\"preferred_sources\": [\"WIKIPEDIA\", \"OTHER\"],\n\"search_query\": \"solar panel photovoltaic technology mechanism\"\n}\n\n## Instructions:\n- Carefully analyze the user's query\n- Select the MOST APPROPRIATE source(s)\n- Create a targeted search query\n- Return ONLY the JSON without additional text\n\nUser Query: ${query}\n`\n\n}\n\nconst statementExtract = (originalQuestion: string, source: SmartSearchSourcePage): string => `\n\n# Fact Extraction Instructions\n\n## Input JSON Structure\n\\`\\`\\`json\n{\n  \"originalQuestion\": \"string - The user's original question\",\n  \"source\": {\n    \"id\": \"number - Unique identifier for the source\",\n    \"url\": \"string - URL of the source page\",\n    \"title\": \"string - Title of the source page\",\n    \"markdown\": \"string - Full text content of the source page\"\n  }\n}\n\\`\\`\\`\n\n## Output JSON Structure\n\\`\\`\\`json\n{\n  \"sourceId\": \"number - ID of the source\",\n  \"sourceTitle\": \"string - Title of the source\",\n  \"extractedFacts\": [\n    {\n      \"statement\": \"string - Verbatim text from the source\",\n      \"relevance\": \"string - One of ['DIRECT_ANSWER', 'HIGHLY_RELEVANT', 'SOMEWHAT_RELEVANT', 'TANGENTIAL', 'NOT_RELEVANT']\"\n    }\n  ]\n}\n\\`\\`\\`\n\n## Relevance Classification Guide:\n- \\`DIRECT_ANSWER\\`: \n  - Completely and precisely addresses the original question\n  - Contains the core information needed to fully respond\n  - Minimal to no additional context required\n\n- \\`HIGHLY_RELEVANT\\`: \n  - Provides substantial information directly related to the question\n  - Offers critical context or partial solution\n  - Significantly contributes to understanding\n\n- \\`SOMEWHAT_RELEVANT\\`: \n  - Provides partial or indirect information\n  - Offers peripheral insights\n  - Requires additional context to be fully meaningful\n\n- \\`TANGENTIAL\\`: \n  - Loosely connected to the topic\n  - Provides background or related information\n  - Not directly addressing the core question\n\n- \\`NOT_RELEVANT\\`: \n  - No meaningful connection to the original question\n  - Completely unrelated information\n\n\n  ## Extraction Guidelines:\n  1. Read the entire source document carefully\n  2. Extract EXACT quotes that:\n     - Are actually helpful answering the provided question\n     - Are stated verbatim from the source or are rephrased in such a way that doesn't distort the meaning in the original source\n     - Represent complete thoughts or meaningful segments\n  3. Classify each extracted fact with its relevance level\n  4. Preserve original context and nuance\n\n## Critical Rules:\n- try NOT to paraphrase or modify the original text\n- Avoid any text in the \"statement\" field that is not helpful answering the provided question like javascript, URLs, HTML, and other non-textual content\n- Extract statements as they appear in the source and ONLY if they are helpful answering the provided question\n- Include full sentences or meaningful text segments\n- Preserve original formatting and punctuation\n- Sort extracted facts by relevance (DIRECT_ANSWER first)\n- Output JSON without \\`\\`\\`json\\`\\`\\` tags, or without any escape characters or any text that is not JSON or my system will crash.\n\n## Processing Instructions:\n- Analyze the entire document systematically\n- Be comprehensive in fact extraction\n- Err on the side of inclusion when in doubt\n- Focus on factual, informative statements\n\n==BEGIN INPUT==\nOriginal Question: ${originalQuestion}\n\nSource:\n${JSON.stringify(source)}\n==END INPUT==\n\n`\nconst debug = []\nfunction tryToExtractJSON(text: string): string {\n  const regex = /```(?:json)?\\n([\\s\\S]+?)\\n```/;\n  const match = text.match(regex);\n  if (match) return match[1];\n  else return text;\n}\n\nconst ProcessQuestionError = (step: string, error: Error): string =>\n  `Failed to process question at ${step}: ${error.message}`;\n\nasync function conversionToSearchQuery(question: string): Promise<SearchQueryConversion> {\n  const prompt = searchEngineQueryGenerator(question);\n  const optimizedQueryResult = await shinkaiLlmPromptProcessor({ format: 'text' , prompt });\n  try {\n    const result = JSON.parse(optimizedQueryResult.message.trim()) as SearchQueryConversion;\n    return result;\n  } catch (error) {\n    throw new Error(ProcessQuestionError('question processing in optimizequery', new Error(String(error))));\n  }\n}\n\n\nasync function extractSourcesFromSearchEngine(\n  searchQuery: string,\n  engine: SearchEngine,\n  apiKey?: string,\n): Promise<SearchResult[]> {\n  switch (engine) {\n\t\tcase 'GOOGLE' : {\n\t\t\tconst results = await googleSearch({ query: searchQuery });\n\t\t\treturn results.results;\n\t\t}\n    case 'DUCKDUCKGO':\n      throw new Error('DuckDuckGo is not supported yet');\n    case 'BRAVE': \n      throw new Error('Brave is not supported yet');\n    default:\n      throw new Error('Invalid or unsupperted search engine');\n  }\n}\n\nexport async function run(\n  config: CONFIG,\n  inputs: INPUTS\n): Promise<OUTPUT> {\n  const { question } = inputs;\n  if (!question) {\n    throw new Error('Question is required in inputs');\n  }\n\n  try {\n    // Step 1: Generate optimized search query\n    const searchQuery = await conversionToSearchQuery(question);\n    // Step 2: Perform search with optimized query\n    const sources: SmartSearchSource[] = []\n    for (const preferred_source of searchQuery.preferred_sources) {\n      switch (preferred_source) {\n        case 'WIKIPEDIA':{\n          const searchEngineQuery = searchQuery.search_query+' site:wikipedia.org';\n          const searchEngine = config.searchEngine || 'GOOGLE';\n          const sourcesSearchResults: SearchResult[] = await extractSourcesFromSearchEngine(searchEngineQuery, searchEngine, config.searchEngineApiKey);\n          try {\n            const maxSources = config.maxSources ?? 3;\n            sources.push(...(sourcesSearchResults.slice(0, maxSources) as SearchResult[]));\n          } catch (error) {\n            console.error('Failed to process search results', error);\n            throw new Error('Failed to process search results');\n          }\n          break;\n        }\n        case 'WOLFRAMALPHA':\n          throw new Error('WOLFRAMALPHA is not supported yet');\n        case 'OTHER':\n          break;\n        default:\n          throw new Error('Invalid source');\n      }\n    }\n    const smartSearchSouces: SmartSearchSourcePage[] = []\n    let id = 1;\n    for (const source of sources) {\n      if (typeof source === 'string') throw new Error('Invalid source');\n      const searchResult = await shinkaiDownloadPages({ urls: [source.url] });\n      smartSearchSouces.push({\n        id: id++, url: source.url, title: source.title,\n        markdown: searchResult.markdowns.join('\\n'),\n      });\n    }\n    const statements: SmartSearchStatement[] = []\n    // Step 3: Extract statements from sources\n    for (const smartSearchSource of smartSearchSouces) {\n      const statementString = await shinkaiLlmPromptProcessor({ format: 'text', prompt: statementExtract(question, smartSearchSource) });\n      const cleanStatementString = tryToExtractJSON(statementString.message)\n      try { \n        const statement = JSON.parse(cleanStatementString) as SmartSearchStatement;\n        statements.push(statement);\n      } catch (error) {\n        console.error('Failed to process statement', smartSearchSource.url, error);\n        console.error(cleanStatementString)\n        console.error(smartSearchSource)\n        throw new Error('Failed to process statement');\n      }\n    }\n    // clean markdown from sources for lighter input\n    smartSearchSouces.forEach(source => delete source.markdown);\n    const generationContext: SmartSearchGenerationContext = {\n      originalQuestion: question,\n      statements,\n      sources: smartSearchSouces,\n    }\n    // Step 4: Generate answer\n    const answerPrompt = answerGenerator(generationContext);\n\t\tconst response = await shinkaiLlmPromptProcessor({ format: 'text', prompt: answerPrompt });\n    response.message = tryToExtractJSON(response.message);\n    \n    return {\n      statements,\n      sources: smartSearchSouces,\n      response: response.message,\n    };\n  } catch (error) {\n    throw new Error(ProcessQuestionError('question processing in answer generation', new Error(String(error))));\n  }\n}","tools":["local:::google_search_shinkai:::google_search","local:::rust_toolkit:::shinkai_llm_prompt_processor","local:::shinkai_tool_download_pages:::shinkai__download_pages"],"config":[{"BasicConfig":{"key_name":"searchEngine","description":"string","required":false,"key_value":null}},{"BasicConfig":{"key_name":"searchEngineApiKey","description":"string","required":false,"key_value":null}},{"BasicConfig":{"key_name":"maxSources","description":"Maximum number of sources to process (default: 3)","required":false,"key_value":null}}],"description":"This function takes a question as input and returns a comprehensive answer, along with the sources and statements used to generate the answer.","keywords":["search","answer generation","fact extraction","wikipedia","google"],"input_args":{"type":"object","properties":{"question":{"type":"string","description":"The question to answer"}},"required":["question"]},"output_arg":{"json":""},"activated":false,"embedding":null,"result":{"type":"object","properties":{"response":{"description":"The generated answer","type":"string"},"sources":{"description":"The sources used to generate the answer","items":{"properties":{"id":{"type":"number"},"title":{"type":"string"},"url":{"type":"string"}},"type":"object"},"type":"array"},"statements":{"description":"The statements extracted from the sources","items":{"properties":{"extractedFacts":{"items":{"properties":{"relevance":{"type":"string"},"statement":{"type":"string"}},"type":"object"},"type":"array"},"sourceId":{"type":"number"},"sourceTitle":{"type":"string"}},"type":"object"},"type":"array"}},"required":["response","sources","statements"]},"sql_tables":[],"sql_queries":[],"file_inbox":null,"oauth":null,"assets":null},false]}