{
  "type": "Deno",
  "content": [
    {
      "toolkit_name": "hello_world",
      "name": "Hello World Function",
      "author": "@@localhost.arb-sep-shinkai",
      "js_code": "type CONFIG = {};\ntype INPUTS = {};\ntype OUTPUT = {};\n\nexport async function run(config: CONFIG, inputs: INPUTS): Promise<OUTPUT> {\n    const data = \"Hello world from repository.\";\n    \n    return { response: data };\n}",
      "tools": null,
      "config": [],
      "description": "A function that returns 'Hello world' as a response.",
      "keywords": [
        "hello",
        "world",
        "shinkai"
      ],
      "input_args": {
        "properties": {},
        "required": [],
        "type": "object"
      },
      "output_arg": {
        "json": ""
      },
      "activated": false,
      "embedding": null,
      "result": {
        "properties": {
          "response": {
            "description": "The response from the function",
            "type": "string"
          }
        },
        "required": [
          "response"
        ],
        "type": "object"
      },
      "sql_tables": [],
      "sql_queries": [],
      "file_inbox": null,
      "oauth": null
    },
    false
  ]
}
