{"type":"Deno","content":[{"toolkit_name":"hello_world_function_shinkai","name":"Hello World Function","author":"Shinkai","js_code":"type CONFIG = {};\ntype INPUTS = {};\ntype OUTPUT = {};\n\nexport async function run(config: CONFIG, inputs: INPUTS): Promise<OUTPUT> {\n    const data = \"Hello world from repository.\";\n    \n    return { response: data };\n}","tools":null,"config":[],"description":"A function that returns 'Hello world' as a response.","keywords":["hello","world","shinkai"],"input_args":{"type":"object","properties":{},"required":[]},"output_arg":{"json":""},"activated":false,"embedding":null,"result":{"type":"object","properties":{"response":{"description":"The response from the function","type":"string"}},"required":["response"]},"sql_tables":[],"sql_queries":[],"file_inbox":null,"oauth":null,"assets":null},false]}