{"type":"Python","content":[{"toolkit_name":"hello_world_printer_shinkai","name":"Hello World Printer","author":"Shinkai","py_code":"# /// script\n# dependencies = [\n#   \"requests\",\n# ]\n# ///\n\nfrom typing import Any, Optional, List, Dict\n\nclass CONFIG:\n    pass\n\nclass INPUTS:\n    pass\n\nclass OUTPUT:\n    message: str\n\nasync def run(config: CONFIG, inputs: INPUTS) -> OUTPUT:\n    output = OUTPUT()\n    output.message = \"Hello, World!\"\n    return output","tools":[],"config":[],"description":"A function that returns a greeting message.","keywords":["greeting","hello","world","asynchronous"],"input_args":{"type":"object","properties":{},"required":[]},"output_arg":{"json":""},"activated":false,"embedding":null,"result":{"type":"object","properties":{"message":{"description":"The greeting message","type":"string"}},"required":["message"]},"sql_tables":[],"sql_queries":[],"file_inbox":null,"oauth":null},false]}