{"type":"Python","content":[{"toolkit_name":"send_email_my_local_aiarb_sep_shinkai","name":"Send Email","author":"@@my_local_ai.arb-sep-shinkai","py_code":"from typing import Any, Optional, List, Dict\nimport smtplib\nfrom email.mime.text import MIMEText\nfrom email.mime.multipart import MIMEMultipart\n\nclass CONFIG:\n    smtp_server: str\n    port: int = 465  # Default port for SMTP\n    sender_email: str\n    sender_password: str\n\nclass INPUTS:\n    recipient_email: str\n    subject: str\n    body: str\n\nclass OUTPUT:\n    status: str\n    message: str\n\n\nasync def run(config: CONFIG, inputs: INPUTS) -> OUTPUT:\n    output = OUTPUT()\n    output.status = \"failed\"\n    output.message = \"\"\n\n    msg = MIMEMultipart()\n    msg['From'] = config.sender_email\n    msg['To'] = inputs.recipient_email\n    msg['Subject'] = inputs.subject\n\n    msg.attach(MIMEText(inputs.body, 'plain'))\n\n    try:\n        with smtplib.SMTP(config.smtp_server, config.port) as server:\n            server.login(config.sender_email, config.sender_password)\n            server.send_message(msg)\n            output.status = \"success\"\n            output.message = \"Email sent successfully\"\n    except Exception as e:\n        output.message = f\"An error occurred: {e}\"\n\n    return output","tools":[],"config":[{"BasicConfig":{"key_name":"port","description":"integer","required":false,"key_value":null}},{"BasicConfig":{"key_name":"sender_email","description":"string","required":true,"key_value":null}},{"BasicConfig":{"key_name":"sender_password","description":"string","required":true,"key_value":null}},{"BasicConfig":{"key_name":"smtp_server","description":"string","required":true,"key_value":null}}],"description":"Sends an email using SMTP.","keywords":["email","smtp","send","notification"],"input_args":{"type":"object","properties":{"subject":{"type":"string","description":"The email subject"},"recipient_email":{"type":"string","description":"The recipient's email address"},"body":{"type":"string","description":"The email body"}},"required":["recipient_email","subject","body"]},"output_arg":{"json":""},"activated":false,"embedding":null,"result":{"type":"object","properties":{"message":{"description":"A message indicating the result of the operation","type":"string"},"status":{"description":"The status of the email sending operation ('success' or 'failed')","type":"string"}},"required":["status","message"]},"sql_tables":[],"sql_queries":[],"file_inbox":null,"oauth":null,"assets":null},false]}